t,recall_at_k,precision_at_k,pollution,n_c,n_m,n_a,displacement,tension_depth,scissors_gap,n_merge,n_evict
0,0.0,0.0,0.0,0,4,0,0,0,0.0,0,0
1,1.0,1.0,0.0,0,4,0,0,0,0.30000000000000004,0,0
2,0.3333333333333333,0.3333333333333333,0.0,0,6,0,0,0,0.30183406846132665,0,0
3,0.0,0.0,0.0,0,7,0,0,0,0.2910909480917029,0,0
4,0.0,0.0,0.0,0,9,0,0,0,0.2772147571399692,0,0
5,1.0,1.0,0.0,0,9,0,0,0,0.4217255371696521,0,0
6,0.0,0.0,0.0,0,10,0,0,0,0.4085370158247023,0,0
7,1.0,1.0,0.0,0,10,0,0,0,0.3326163745244716,0,0
8,1.0,1.0,0.0,0,10,0,0,0,0.32728860391660547,0,0
9,1.0,1.0,0.0,0,10,0,0,0,0.4208078553474767,0,0
10,1.0,1.0,0.0,0,11,0,0,0,0.3776587608139449,0,0
11,1.0,1.0,0.0,0,11,0,0,0,0.4130377591696447,0,0
12,0.0,0.0,0.0,0,12,0,0,0,0.3914231097882643,0,0
13,0.0,0.0,0.0,0,12,0,0,0,0.38367241291606113,0,0
14,0.0,0.0,0.0,0,12,0,0,0,0.3760751901247247,0,0
15,1.0,1.0,0.0,0,12,0,0,0,0.3534385182341923,0,0
16,0.0,0.0,0.0,0,13,0,0,0,0.32984553838800873,0,0
17,0.0,0.0,0.0,0,13,0,0,0,0.3233141591240787,0,0
18,1.0,1.0,0.0,0,13,0,0,0,0.32498949031744645,0,0
19,1.0,1.0,0.0,0,14,0,0,0,0.2722510621337377,0,0
20,1.0,1.0,0.0,0,14,0,0,0,0.29686012990984467,0,0
21,0.0,0.0,0.0,0,14,0,0,0,0.2909819054953007,0,0
22,0.0,0.0,0.0,0,14,0,0,0,0.28522007772276536,0,0
23,0.0,0.0,0.0,0,14,0,0,0,0.27957234178430423,0,0
24,0.0,0.0,0.0,0,15,0,0,0,0.2540179633951923,0,0
25,1.0,1.0,0.0,0,16,0,0,0,0.2642892460369209,0,0
26,0.0,0.0,0.0,0,16,0,0,0,0.25905596833463257,0,0
27,1.0,1.0,0.0,0,16,0,0,0,0.2839263164738035,0,0
28,1.0,1.0,0.0,0,17,0,0,0,0.27945777556778345,0,0
29,1.0,1.0,0.0,0,17,0,0,0,0.30119686812952556,0,0
30,1.0,1.0,0.0,0,17,0,0,0,0.3225054978174379,0,0
31,0.0,0.0,0.0,0,17,0,0,0,0.31611946109478734,0,0
32,0.0,0.0,0.0,0,17,0,0,0,0.30985987637155693,0,0
33,1.0,1.0,0.0,0,17,0,0,0,0.33099696700312253,0,0
34,1.0,1.0,0.0,0,17,0,0,0,0.3789882424704752,0,0
35,0.0,0.0,0.0,0,17,0,0,0,0.3714837724684187,0,0
36,1.0,1.0,0.0,0,18,0,0,0,0.3721220801170388,0,0
37,1.0,1.0,0.0,0,18,0,0,0,0.38975356923887156,0,0
38,1.0,1.0,0.0,0,18,0,0,0,0.40703593148451434,0,0
39,0.6666666666666666,0.6666666666666666,0.0,0,18,0,0,0,0.44897608002930045,0,0
40,1.0,1.0,0.0,0,18,0,0,0,0.5150857579911877,0,0
41,1.0,1.0,0.0,0,18,0,0,0,0.5298863766221666,0,0
42,0.5,0.5,0.0,0,18,0,0,0,0.5443939233683713,0,0
43,1.0,1.0,0.0,0,18,0,0,0,0.5586142014419371,0,0
44,0.0,0.0,0.0,0,18,0,0,0,0.5475528991436993,0,0
45,1.0,1.0,0.0,0,18,0,0,0,0.5726395334699694,0,0
46,0.0,0.0,0.0,0,18,0,0,0,0.5613005109902633,0,0
47,0.0,0.0,0.0,0,18,0,0,0,0.5501860161990598,0,0
48,1.0,1.0,0.0,0,18,0,0,0,0.5435177061363263,0,0
49,0.0,0.0,0.0,0,18,0,0,0,0.5327553344735578,0,0
50,1.0,1.0,0.0,0,18,0,0,0,0.5436346434766495,0,0
51,1.0,1.0,0.0,0,18,0,0,0,0.5542985277279743,0,0
52,0.0,0.0,0.0,0,18,0,0,0,0.543322681494848,0,0
53,1.0,1.0,0.0,0,19,0,0,0,0.5242456522205516,0,0
54,0.0,0.0,0.0,0,19,0,0,0,0.5138648927934194,0,0
55,0.0,0.0,0.0,0,19,0,0,0,0.5036896861750276,0,0
56,0.0,0.0,0.0,0,19,0,0,0,0.49371596214705804,0,0
57,1.0,1.0,0.0,0,19,0,0,0,0.5267968739440573,0,0
58,0.0,0.0,0.0,0,19,0,0,0,0.516365596942111,0,0
59,1.0,1.0,0.0,0,19,0,0,0,0.5019771777479233,0,0
60,0.5,0.5,0.15789473684210525,0,19,0,0,0,0.5120373636587836,0,0
61,1.0,1.0,0.15789473684210525,0,19,0,0,0,0.5218983445418284,0,0
62,0.0,0.0,0.10526315789473684,0,19,1,0,0,0.38170545555379154,1,0
63,1.0,1.0,0.10526315789473684,0,19,1,0,0,0.4447259214266405,0,0
64,0.0,0.0,0.05263157894736842,0,19,2,0,0,0.3718939034671514,1,0
65,0.0,0.0,0.0,0,20,3,0,0,0.2767341323356025,1,0
66,1.0,1.0,0.0,0,20,3,0,0,0.3398351382427642,2,0
67,1.0,1.0,0.0,0,20,3,0,0,0.39310595164857526,0,0
68,0.0,0.0,0.0,0,20,3,0,0,0.38532193227492284,0,0
69,1.0,1.0,0.0,0,20,3,0,0,0.4576920468118748,1,0
70,0.0,0.0,0.0,0,20,3,0,0,0.448629137068053,0,0
71,1.0,1.0,0.0,0,20,3,0,0,0.5197456849608602,0,0
72,0.0,0.0,0.0,0,20,3,0,0,0.5094540308555457,0,0
73,0.0,0.0,0.0,0,20,3,0,0,0.49936616515538473,0,0
74,1.0,1.0,0.0,0,20,3,0,0,0.5294780525795902,0,0
75,1.0,1.0,0.0,0,20,3,0,0,0.5389936846835586,0,0
76,0.0,0.0,0.0,0,20,3,0,0,0.5283208946475437,0,0
77,1.0,1.0,0.0,0,20,3,0,0,0.5578594400137604,0,0
78,0.0,0.0,0.0,0,20,3,0,0,0.5468130829931374,0,0
79,0.0,0.0,0.0,0,20,3,0,0,0.5359854584966499,0,0
80,1.0,1.0,0.0,0,20,3,0,0,0.5653722353301291,0,0
81,0.0,0.0,0.0,0,20,3,0,0,0.5541771149950672,0,0
82,0.0,0.0,0.0,0,20,3,0,0,0.54320367289513,0,0
83,0.0,0.0,0.0,0,20,3,0,0,0.5324475195071632,0,0
84,0.0,0.0,0.0,0,20,3,0,0,0.521904352226394,0,0
85,0.0,0.0,0.0,0,20,3,0,0,0.5115699536453329,0,0
86,1.0,1.0,0.0,0,20,3,0,0,0.5614401898667536,1,0
87,0.0,0.0,0.0,0,20,3,0,0,0.5503229292484846,0,0
88,0.0,0.0,0.0,0,20,3,0,0,0.539425805139652,0,0
89,0.0,0.0,0.0,0,20,3,0,0,0.5287444585453152,0,0
90,1.0,1.0,0.0,0,20,3,0,0,0.5582746167844166,1,0
91,1.0,1.0,0.0,0,20,3,0,0,0.5872200387129223,0,0
92,0.0,0.0,0.0,0,20,3,0,0,0.5755923028855479,0,0
93,0.0,0.0,0.0,0,20,3,0,0,0.5641948116539941,0,0
94,0.0,0.0,0.0,0,20,3,0,0,0.5530230058697996,0,0
95,1.0,1.0,0.0,0,20,3,0,0,0.5620724166616915,0,0
96,1.0,1.0,0.0,0,20,3,0,0,0.5087414663338701,0,0
97,1.0,1.0,0.0,0,20,3,0,0,0.5174177103565928,1,0
98,0.0,0.0,0.0,0,20,3,0,0,0.5071721532369512,0,0
99,0.0,0.0,0.0,0,20,3,0,0,0.4971294717409899,0,0
100,1.0,1.0,0.3103448275862069,0,29,3,0,0,0.30301643265507744,0,0
101,1.0,1.0,0.4117647058823529,0,34,3,0,0,0.30498380160776345,0,0
102,1.0,1.0,0.5,0,40,3,0,0,0.29645254485021516,0,0
103,0.0,0.0,0.65,0,40,9,0,0,0.29996429019037785,0,6
104,1.0,1.0,0.775,0,40,15,0,0,0.5353760244591114,1,6
105,0.0,0.0,0.775,0,40,17,0,0,0.5217658935212077,0,2
106,1.0,1.0,0.75,0,40,25,0,0,0.6397348358861928,0,8
107,0.0,0.0,0.775,0,40,31,0,0,0.7107211309203004,0,6
108,1.0,1.0,0.75,0,40,36,0,0,0.6346099510221124,2,5
109,1.0,1.0,0.75,0,40,44,0,0,0.6462375961118443,0,8
110,1.0,1.0,0.75,0,40,53,0,0,0.6575662032462861,1,9
111,1.0,1.0,0.7317073170731707,1,40,57,0,0,0.5823858078985817,0,5
112,1.0,1.0,0.7804878048780488,1,40,69,0,0,0.6560477507590949,2,12
113,0.0,0.0,0.7560975609756098,1,40,75,0,0,0.6362061117135096,0,6
114,1.0,0.41666666666666663,0.75,4,40,77,0,0,0.5271124811702188,2,5
115,0.0,0.0,0.75,4,40,84,0,0,0.5075997533516339,0,7
116,1.0,1.0,0.75,4,40,95,0,0,0.5145673584541199,0,11
117,1.0,0.75,0.7333333333333333,5,40,101,0,0,0.48896487677536693,1,7
118,0.0,0.0,0.7333333333333333,5,40,108,0,0,0.47099797719215136,0,7
119,0.0,0.0,0.7333333333333333,5,40,116,0,0,0.45307437011191676,0,8
120,0.0,0.0,0.7111111111111111,5,40,125,0,0,0.4341286127071541,0,9
121,0.0,0.0,0.7333333333333333,5,40,129,0,0,0.42083579018473116,0,4
122,1.0,0.5,0.723404255319149,7,40,132,0,0,0.3748875978037048,0,5
123,1.0,0.5,0.7291666666666666,8,40,138,0,0,0.38624480761489965,0,7
124,1.0,0.6666666666666666,0.6938775510204082,9,40,146,0,0,0.41938942287739156,0,9
125,1.0,0.5,0.6862745098039216,11,40,149,0,0,0.3876448801334577,0,5
126,0.0,0.0,0.7058823529411765,11,40,152,0,0,0.3758247983735307,0,3
127,1.0,1.0,0.7254901960784313,11,40,160,0,0,0.4303049269183439,2,8
128,1.0,0.75,0.7307692307692307,12,40,165,0,0,0.4566551086739589,3,6
129,1.0,0.6666666666666666,0.7307692307692307,12,40,175,0,0,0.4477666073124769,1,10
130,1.0,0.6666666666666666,0.7307692307692307,12,40,181,0,0,0.5683828389174346,1,6
131,1.0,0.5416666666666666,0.75,16,40,186,0,0,0.5883712705474609,5,9
132,1.0,1.0,0.75,16,40,191,0,0,0.5853710722177968,2,5
133,1.0,0.6666666666666666,0.75,16,40,196,0,0,0.6149273152279486,1,5
134,1.0,0.6666666666666666,0.7321428571428571,16,40,206,0,0,0.6386834891164177,1,10
135,0.0,0.0,0.75,16,40,214,0,0,0.6184013483910888,0,8
136,1.0,1.0,0.7368421052631579,17,40,223,0,0,0.5570626711275162,1,10
137,0.0,0.0,0.7368421052631579,17,40,230,0,0,0.5405356725618209,0,7
138,0.0,0.0,0.7368421052631579,17,40,233,0,0,0.5272034681222532,0,3
139,1.0,0.75,0.7543859649122807,17,40,241,0,0,0.542828268008359,2,8
140,0.0,0.0,0.7192982456140351,17,40,243,0,0,0.5299102868191601,0,2
141,0.0,0.0,0.7017543859649122,17,40,244,0,0,0.5181285178104875,0,1
142,1.0,0.5,0.7017543859649122,17,40,244,0,0,0.5292974571888069,0,0
143,0.0,0.0,0.6842105263157895,17,40,245,0,0,0.5171314506479043,0,1
144,1.0,0.8333333333333333,0.6724137931034483,18,40,245,0,0,0.5120239635485551,0,1
145,0.0,0.0,0.6724137931034483,18,40,245,0,0,0.50188520977156,0,0
146,1.0,1.0,0.6724137931034483,18,40,245,0,0,0.5028626312321683,2,0
147,1.0,0.7222222222222222,0.6724137931034483,18,40,245,0,0,0.5679052839893154,1,0
148,1.0,0.8888888888888888,0.6440677966101694,19,40,245,0,0,0.596874401190769,4,1
149,0.0,0.0,0.6271186440677966,19,40,246,0,0,0.5823838898463959,0,1
150,1.0,1.0,0.6271186440677966,19,40,246,0,0,0.5790906348920482,0,0
151,1.0,1.0,0.6271186440677966,19,40,246,0,0,0.5573993739655254,0,0
152,1.0,0.5,0.6101694915254238,19,40,247,0,0,0.5729207377534835,1,1
153,1.0,1.0,0.6101694915254238,19,40,247,0,0,0.591576147055892,0,0
154,1.0,0.75,0.6101694915254238,19,40,247,0,0,0.6248621545041073,0,0
155,1.0,1.0,0.5932203389830508,19,40,248,0,0,0.6385162519307945,0,1
156,1.0,0.75,0.6,20,40,247,0,0,0.6702762869849316,0,0
157,0.0,0.0,0.6,20,40,247,0,0,0.6570039272516079,0,0
158,0.0,0.0,0.6,20,40,247,0,0,0.643994377849354,0,0
159,0.0,0.0,0.6,20,40,247,0,0,0.6312424347849461,0,0
160,0.0,0.0,0.6,20,40,247,0,0,0.6187429971111302,0,0
161,1.0,1.0,0.5833333333333334,20,40,248,0,0,0.712846781019634,1,1
162,0.0,0.0,0.5833333333333334,20,40,248,0,0,0.6987314690264363,0,0
163,1.0,0.5833333333333334,0.5901639344262295,21,40,247,0,0,0.7120743019024871,1,0
164,0.0,0.0,0.5901639344262295,21,40,247,0,0,0.6979742860206519,0,0
165,1.0,1.0,0.5901639344262295,21,40,247,0,0,0.7127248977311011,0,0
166,1.0,0.75,0.5967741935483871,22,40,246,0,0,0.7107468941226127,1,0
167,1.0,0.75,0.5967741935483871,22,40,246,0,0,0.7375822535849726,1,0
168,1.0,0.8888888888888888,0.5967741935483871,22,40,246,0,0,0.8047953282367786,0,0
169,1.0,1.0,0.5967741935483871,22,40,246,0,0,0.8233355302687325,4,0
170,0.0,0.0,0.5967741935483871,22,40,246,0,0,0.8070323944557255,0,0
171,1.0,0.5,0.5967741935483871,22,40,246,0,0,0.8046884459974399,0,0
172,0.0,0.0,0.5967741935483871,22,40,246,0,0,0.7887545471919651,0,0
173,1.0,1.0,0.6,20,40,248,0,0,0.8386283789800382,0,0
174,0.0,0.0,0.5833333333333334,20,40,249,0,0,0.8153327749607879,0,1
175,1.0,0.75,0.5901639344262295,21,40,248,0,0,0.9372608273247516,4,0
176,1.0,0.75,0.6,20,40,249,0,0,0.9578036055164135,2,0
177,0.0,0.0,0.6,20,40,249,0,0,0.9388378234156154,0,0
178,0.0,0.0,0.6,20,40,249,0,0,0.9202475889621878,0,0
179,0.0,0.0,0.6,20,40,249,0,0,0.9020254658144767,0,0
180,1.0,1.0,0.6,20,40,249,0,0,0.8915030565254891,4,0
181,0.0,0.0,0.6,20,40,249,0,0,0.8738501132552017,0,0
182,0.0,0.0,0.5636363636363636,15,40,255,0,0,0.8805239137146029,0,1
183,1.0,0.875,0.5535714285714286,16,40,255,0,0,0.9361932878356896,5,1
184,1.0,0.8888888888888888,0.5535714285714286,16,40,255,0,0,0.9878967118348709,2,0
185,1.0,0.75,0.5614035087719298,17,40,254,0,0,1.0085725744353797,3,0
186,1.0,1.0,0.5614035087719298,17,40,254,0,0,0.9963241213247205,4,0
187,0.0,0.0,0.5614035087719298,17,40,254,0,0,0.9765955819060097,0,0
188,0.0,0.0,0.5614035087719298,17,40,254,0,0,0.9572576937415093,0,0
189,1.0,0.8333333333333334,0.5614035087719298,17,40,254,0,0,0.95570116601971,3,0
190,1.0,0.5,0.5614035087719298,17,40,254,0,0,0.9510627292959531,1,0
191,0.0,0.0,0.5614035087719298,17,40,254,0,0,0.932230425487395,0,0
192,1.0,1.0,0.5614035087719298,17,40,254,0,0,0.9497003954668831,4,0
193,0.0,0.0,0.5614035087719298,17,40,254,0,0,0.9308950676755398,0,0
194,1.0,0.5,0.543859649122807,17,40,255,0,0,0.9316874286905499,0,1
195,1.0,0.6666666666666666,0.543859649122807,17,40,255,0,0,0.9418102101104877,0,0
196,1.0,1.0,0.543859649122807,17,40,255,0,0,0.9324506433719086,2,0
197,1.0,0.25,0.5517241379310345,18,40,254,0,0,0.9179343633815904,1,0
198,0.0,0.0,0.5517241379310345,18,40,254,0,0,0.8997580451693159,0,0
199,0.0,0.0,0.5517241379310345,18,40,254,0,0,0.8819416421720431,0,0
200,0.0,0.0,0.5517241379310345,18,40,254,0,0,0.8644780275910178,0,0
201,0.0,0.0,0.5517241379310345,18,40,254,0,0,0.8473602157475562,0,0
202,0.0,0.0,0.5517241379310345,18,40,254,0,0,0.8305813592886803,0,0
203,1.0,1.0,0.5517241379310345,18,40,254,0,0,0.823845329563072,1,0
204,1.0,1.0,0.5517241379310345,18,40,254,0,0,0.8361035276191183,0,0
205,1.0,0.875,0.5517241379310345,18,40,254,0,0,0.8935319903063995,4,0
206,1.0,1.0,0.5517241379310345,18,40,254,0,0,0.9044103000269059,0,0
207,1.0,1.0,0.5517241379310345,18,40,254,0,0,0.9150732047827663,0,0
208,1.0,1.0,0.5517241379310345,18,40,254,0,0,0.9331240753891175,4,0
209,0.0,0.0,0.5517241379310345,18,40,254,0,0,0.9146469807270059,0,0
210,1.0,0.6666666666666666,0.5517241379310345,18,40,254,0,0,0.925107185624069,0,0
211,1.0,1.0,0.5517241379310345,18,40,254,0,0,0.8760676713748374,2,0
212,1.0,0.8333333333333333,0.5517241379310345,18,40,254,0,0,0.9132658237540087,0,0
213,1.0,0.3333333333333333,0.5666666666666667,20,40,252,0,0,0.8791428838929103,1,0
214,0.0,0.0,0.5614035087719298,17,40,255,0,0,0.8917538879048376,0,0
215,1.0,0.5,0.543859649122807,17,40,256,0,0,0.8766720046896567,0,1
216,1.0,1.0,0.543859649122807,17,40,256,0,0,0.8683037369127753,2,0
217,1.0,0.75,0.5357142857142857,16,40,257,0,0,0.8909012366786667,1,0
218,0.0,0.0,0.5357142857142857,16,40,257,0,0,0.8732602102397768,0,0
219,1.0,0.6666666666666666,0.5357142857142857,16,40,257,0,0,0.8832412268013347,0,0
