preset,phase,seeds,queries,recall_at_k,recall_seed_sd,precision_at_k,context_efficiency,context_efficiency_seed_sd,redundancy,pollution,pollution_c,pollution_m,pollution_m_seed_sd,mean_c,mean_m,max_m,max_m_seed_sd,mean_tension_depth,scissors_gap,n_promote,n_demote,n_merge,n_evict,n_archive,n_revive,n_tension,n_resolve
ours,all,10,4310,0.7923433874709976,0.021414603355697122,0.6914355132617939,0.6914355132617939,0.04414949199751389,0.0,0.3549853028920399,0.35500710287894216,0.10167542101504365,0.019027636138072117,70.56090909090909,5.911363636363636,8,0.0,4.509545454545455,0.19659953142565123,352,10,144,234,2474,48,2024,244
ours,stable,10,1179,0.7896522476675149,0.041079063167137136,0.9597938144329897,0.9597938144329897,0.047753090871789666,0.0,0.0,0.0,0.0,0.0,11.688333333333333,2.6033333333333335,8,1.636391694484477,0.0,nan,57,0,0,0,1,0,0,0
ours,drift,10,722,0.9265927977839336,0.042464227595811095,0.8967828418230563,0.8967828418230563,0.07116531937007692,0.0,0.08220315386262182,0.005608051402072299,0.2814642857142857,0.07030764788974854,15.4825,6.045,8,1.1005049346146119,3.825,-1.0708078572597157,36,3,50,3,16,9,160,50
ours,noise,10,840,0.9892857142857143,0.017014530998172805,0.7426273458445041,0.7426273458445041,0.08690627524107411,0.0,0.8004752784679308,0.855259372754121,0.0,0.0,131.495,7.2025,8,0.6324555320336759,0.5025,0.8412333126170636,53,1,10,34,22,13,532,10
ours,conflict,10,1569,0.627151051625239,0.043040875814997576,0.467680608365019,0.467680608365019,0.0560222409281561,0.0,0.5344266351592184,0.5453920619603957,0.12197172619047619,0.04405888794455199,111.7875,7.68,8,0.0,10.2375,0.3067854122188265,206,6,84,197,2435,26,1332,184
sfams_style,all,10,4310,0.34895591647331786,0.050822908529778214,0.5430615164520743,0.4303290414878398,0.09648513351874692,0.2606580829756795,0.4225216007276035,nan,0.4225216007276035,0.11114061517860531,0.0,7.911363636363636,8,0.0,0.0,-1.423548678734378,0,0,0,6558,0,0,0,0
sfams_style,stable,10,1179,0.5029686174724343,0.07445972400588642,0.989517819706499,0.6215932914046122,0.17181740507397222,0.3721174004192872,0.0,nan,0.0,0.0,0.0,7.675,8,0.0,0.0,nan,0,0,0,794,0,0,0,0
sfams_style,drift,10,722,0.27977839335180055,0.05834636487840789,0.3196969696969697,0.30606060606060603,0.11807284840714113,0.296969696969697,0.5625,nan,0.5625,0.1473139127471974,0.0,8.0,8,0.0,0.0,-1.057882847598811,0,0,0,593,0,0,0,0
sfams_style,noise,10,840,0.27380952380952384,0.07421286716034704,0.3263157894736842,0.3026315789473684,0.10750663789547092,0.2763157894736842,0.58625,nan,0.58625,0.15617498199135482,0.0,8.0,8,0.0,0.0,-1.324295634477705,0,0,0,2939,0,0,0,0
sfams_style,conflict,10,1569,0.3052899936265137,0.05376669973149988,0.4415700267618198,0.4272970561998216,0.05237664822420472,0.13380909901873328,0.58703125,nan,0.58703125,0.15634033846800915,0.0,8.0,8,0.0,0.0,-1.6560081164304978,0,0,0,2232,0,0,0,0
flat,all,10,4310,0.917401392111369,0.010312111975677702,0.8938531424299925,0.22735897878212868,0.007627522455314127,0.7235351618653326,0.3200067366556711,nan,0.3200067366556711,0.013818509437160753,0.0,287.00363636363636,706,27.563260571516814,0.0,0.0,0,0,0,0,0,0,0,0
flat,stable,10,1179,0.7896522476675149,0.041079063167137136,0.9789649415692822,0.31085141903171953,0.030624035906919086,0.67779632721202,0.0,nan,0.0,0.0,0.0,43.318333333333335,104,9.406853293683755,0.0,nan,0,0,0,0,0,0,0,0
flat,drift,10,722,0.925207756232687,0.04909391456760375,0.746515397082658,0.2165316045380875,0.017949173390735915,0.7004862236628849,0.28738019511308815,nan,0.28738019511308815,0.020847449370544727,0.0,118.2925,177,18.661011047993444,0.0,0.0,0,0,0,0,0,0,0,0
flat,noise,10,840,0.986904761904762,0.01607330349271345,0.9107416879795397,0.21202046035805627,0.006704139346290392,0.7329923273657288,0.48971956257249644,nan,0.48971956257249644,0.026373533080272845,0.0,297.0825,480,21.22472352915083,0.0,0.0,0,0,0,0,0,0,0,0
flat,conflict,10,1569,0.9725940089228808,0.01559519778806706,0.9119037967842184,0.20618835292528037,0.005475675553547248,0.7466558573165789,0.4910686385394837,nan,0.4910686385394837,0.023931548556513166,0.0,549.08375,706,27.563260571516814,0.0,0.0,0,0,0,0,0,0,0,0
decay_only,all,10,4310,0.837354988399072,0.017044684245856433,0.7458152510849348,0.7458152510849348,0.03748277758687627,0.0,0.3552038281777808,0.3552038281777808,nan,nan,76.39045454545455,0.0,0,0.0,7.834545454545455,-0.11074718545839371,0,0,145,0,2496,46,2500,245
decay_only,stable,10,1179,0.7896522476675149,0.041079063167137136,0.9627714581178903,0.9627714581178903,0.045757897320991774,0.0,0.0,0.0,nan,nan,14.291666666666666,0.0,0,0.0,0.0,nan,0,0,0,0,1,0,0,0
decay_only,drift,10,722,0.943213296398892,0.040205857660397575,0.926530612244898,0.926530612244898,0.05462812287540054,0.0,0.08220315386262182,0.08220315386262182,nan,nan,21.5275,0.0,0,0.0,3.825,0.08546686456234814,0,0,50,0,16,9,151,50
decay_only,noise,10,840,0.9892857142857143,0.017014530998172805,0.7547683923705722,0.7547683923705722,0.07832131492709234,0.0,0.8004752784679308,0.8004752784679308,nan,nan,138.6975,0.0,0,0.0,0.5025,-0.29934603198243515,0,0,10,0,22,13,534,10
decay_only,conflict,10,1569,0.7431485022307202,0.023363044301961667,0.5726915520628684,0.5726915520628684,0.04724784583924282,0.0,0.5350273065383986,0.5350273065383986,nan,nan,119.2425,0.0,0,0.0,19.38125,-0.08340580676595113,0,0,85,0,2457,24,1815,185
abl_no_twopool,all,10,4310,0.7698375870069606,0.021750864354302592,0.8090709583028529,0.8090709583028529,0.016946772203605343,0.0,0.1367928254171934,1.0,0.03844279867472228,0.007353034434284547,2.460909090909091,7.955909090909091,25,4.848825745591515,55.855,-0.16854209915111282,0,0,1200,6030,0,1371,13789,1484
abl_no_twopool,stable,10,1179,0.7896522476675149,0.041079063167137136,0.986228813559322,0.986228813559322,0.023892981676907836,0.0,0.0,nan,0.0,0.0,0.0,7.585,8,0.0,3.555,nan,0,0,52,551,0,251,194,52
abl_no_twopool,drift,10,722,0.8074792243767313,0.04887314274304976,0.8119777158774373,0.8119777158774373,0.03811319556925281,0.0,0.21102678571428574,nan,0.21102678571428574,0.040000182689846404,0.0,8.0,9,0.31622776601683794,28.21,-0.6142344996670924,0,0,288,627,0,289,964,288
abl_no_twopool,noise,10,840,0.9892857142857143,0.017014530998172805,0.9662790697674418,0.9662790697674418,0.024258171050056565,0.0,0.0003125,nan,0.0003125,0.0009882117688026187,0.0,8.0,8,0.0,40.31,0.7648073755032359,0,0,244,2905,0,336,2239,244
abl_no_twopool,conflict,10,1569,0.6201402166985341,0.03865832012451403,0.6162127929069031,0.6162127929069031,0.04447210159311374,0.0,0.27033963600836747,1.0,0.0,0.0,6.7675,8.19,25,4.848825745591515,116.675,0.14114599145657739,0,0,616,1947,0,495,10392,900
abl_no_shadow,all,10,4310,0.7921113689095127,0.02160424792879916,0.6912330431261389,0.6912330431261389,0.043795614313020884,0.0,0.355096850474994,0.35494070246192566,0.10259981109037714,0.019811089760395275,70.5340909090909,5.898181818181818,8,0.0,4.508636363636364,0.19408084998945113,336,10,144,218,2486,47,2052,244
abl_no_shadow,stable,10,1179,0.7896522476675149,0.041079063167137136,0.9597938144329897,0.9597938144329897,0.047753090871789666,0.0,0.0,0.0,0.0,0.0,11.688333333333333,2.6033333333333335,8,1.636391694484477,0.0,nan,57,0,0,0,1,0,0,0
abl_no_shadow,drift,10,722,0.9265927977839336,0.042464227595811095,0.8967828418230563,0.8967828418230563,0.07116531937007692,0.0,0.08220315386262182,0.005608051402072299,0.2814642857142857,0.07030764788974854,15.495,6.0325,8,1.1005049346146119,3.825,-1.0713973505224819,35,3,50,3,16,9,160,50
abl_no_shadow,noise,10,840,0.9892857142857143,0.017014530998172805,0.7426273458445041,0.7426273458445041,0.08690627524107411,0.0,0.8004752784679308,0.855259372754121,0.0,0.0,131.495,7.2025,8,0.6324555320336759,0.5025,0.8380777427869331,56,1,10,36,22,13,532,10
abl_no_shadow,conflict,10,1569,0.6265137029955385,0.04329637545927648,0.46720532319391633,0.46720532319391633,0.05524494413697529,0.0,0.5347332515778636,0.5452095438141216,0.12436011904761905,0.04705892153219722,111.7075,7.65,8,0.0,10.235,0.3039268395154072,188,6,84,179,2447,25,1360,184
abl_no_dedup,all,10,4310,0.8489559164733179,0.019442765750488762,0.7522615131578947,0.7522615131578947,0.04526025874069126,0.0,0.2964703668718754,0.2980963484347828,0.07976190476190477,0.05470465542232626,110.34227272727273,1.779090909090909,7,1.6865480854231356,179.17818181818183,0.11220453271494649,102,79,3203,0,2584,61,29099,3496
abl_no_dedup,stable,10,1179,0.7896522476675149,0.041079063167137136,0.9529170931422722,0.9529170931422722,0.047840431214608486,0.0,0.0,0.0,0.0,0.0,31.215,0.9466666666666667,6,1.776388345929897,40.55833333333333,nan,25,3,384,0,0,0,2066,384
abl_no_dedup,drift,10,722,0.9307479224376731,0.048090508271748274,0.9056603773584906,0.9056603773584906,0.06409196042933403,0.0,0.10225643574476738,0.09826936698271221,0.16196581196581197,0.19008138868185936,46.545,2.0925,5,1.247219128924647,134.64,-0.043867060146006456,18,19,605,0,27,4,3666,605
abl_no_dedup,noise,10,840,0.9892857142857143,0.017014530998172805,0.7533998186763372,0.7533998186763372,0.08391178836067979,0.0,0.645534569892725,0.655871574206543,0.0,0.0,165.8675,2.52,7,1.9119507199599983,202.1275,0.22658971840994016,29,16,573,0,36,5,6253,573
abl_no_dedup,conflict,10,1569,0.7807520713830465,0.033914596324255475,0.5999020568070519,0.5999020568070519,0.05222485643726841,0.0,0.44102741812032137,0.44232186716548155,0.11770334928229664,0.1340976375935796,173.82375,1.87625,7,1.8287822299126937,293.9375,0.10827137093124983,30,41,1641,0,2521,52,17114,1934
abl_selected_credit,all,10,4310,0.7853828306264501,0.02101424735436227,0.5973178048350097,0.5973178048350097,0.04715932670836146,0.0,0.38483323097155026,0.3787943348467155,0.20001439859930426,0.03349623815209731,73.12636363636364,6.203181818181818,8,0.0,4.428181818181818,0.09161043890639503,2527,5,144,2398,2376,46,1986,244
abl_selected_credit,stable,10,1179,0.7896522476675149,0.041079063167137136,0.9548717948717949,0.9548717948717949,0.05465298128891641,0.0,0.0,0.0,0.0,0.0,11.59,2.7016666666666667,8,1.66332999331662,0.0,nan,64,0,0,3,1,0,0,0
abl_selected_credit,drift,10,722,0.9265927977839336,0.042464227595811095,0.8654592496765847,0.8654592496765847,0.08798909695101026,0.0,0.08216668670658946,0.0015524267399267399,0.2650029761904762,0.061181475624386084,14.865,6.67,8,0.699205898780101,3.825,-1.3439622224649075,64,3,50,27,15,9,160,50
abl_selected_credit,noise,10,840,0.9892857142857143,0.017014530998172805,0.7232375979112271,0.7232375979112271,0.09621327059051442,0.0,0.7999106807881369,0.8565759324561192,0.025714285714285717,0.025699882981460653,131.3225,7.47,8,0.31622776601683794,0.4525,0.9143142938435657,206,2,9,191,18,11,530,9
abl_selected_credit,conflict,10,1569,0.6080305927342257,0.041327548150948065,0.3444043321299639,0.3444043321299639,0.05101995374746635,0.0,0.6167716598856857,0.6121467483118861,0.37142857142857144,0.08574922041470129,119.31125,7.9625,8,0.0,10.03875,0.17014768213076675,2193,0,85,2177,2342,26,1296,185
abl_no_capacity,all,10,4310,0.7921113689095127,0.021168519149729087,0.684991974317817,0.684991974317817,0.048541845752872015,0.0,0.35496414391067727,0.35999300681156554,0.08696722027636396,0.016352351365964392,69.41909090909091,7.055454545454546,16,1.7029386365926402,4.499545454545455,0.196784081134517,199,67,144,0,2471,46,2021,244
abl_no_capacity,stable,10,1179,0.7896522476675149,0.041079063167137136,0.9597938144329897,0.9597938144329897,0.047753090871789666,0.0,0.0,0.0,0.0,0.0,11.688333333333333,2.6033333333333335,8,1.636391694484477,0.0,nan,57,0,0,0,1,0,0,0
abl_no_capacity,drift,10,722,0.9265927977839336,0.042464227595811095,0.8967828418230563,0.8967828418230563,0.07116531937007692,0.0,0.08220315386262182,0.003969501903325432,0.2835029761904762,0.06901640482476888,15.4375,6.09,9,1.429840705968481,3.825,-1.0708078572597157,36,4,50,0,16,9,160,50
abl_no_capacity,noise,10,840,0.9892857142857143,0.017014530998172805,0.7426273458445041,0.7426273458445041,0.08690627524107411,0.0,0.8004752784679308,0.8582022465930819,0.0,0.0,131.015,7.6825,11,1.449137674618944,0.5025,0.8412333126170636,34,3,10,0,22,13,532,10
abl_no_capacity,conflict,10,1569,0.6265137029955385,0.042311844675006365,0.45742205677059095,0.45742205677059095,0.0644546989645339,0.0,0.5343684744091979,0.558444903225087,0.08295006729381729,0.029522441150338082,108.91,10.56375,16,1.7029386365926402,10.21,0.30712521437027557,72,60,84,0,2432,24,1329,184
abl_no_tension,all,10,4310,0.8329466357308585,0.023274707193987384,0.7248132444982839,0.7248132444982839,0.04698994751229321,0.0,0.347209978277711,0.3455752047258205,0.10314638191996682,0.02889650781220178,68.5540909090909,6.1468181818181815,8,0.0,0.0,0.3163419581292285,251,31,0,153,2541,47,0,0
abl_no_tension,stable,10,1179,0.7896522476675149,0.041079063167137136,0.9597938144329897,0.9597938144329897,0.047753090871789666,0.0,0.0,0.0,0.0,0.0,11.688333333333333,2.6033333333333335,8,1.636391694484477,0.0,nan,57,0,0,0,1,0,0,0
abl_no_tension,drift,10,722,0.8947368421052632,0.052124864168846194,0.8659517426273459,0.8659517426273459,0.06204468637205231,0.0,0.13035541665049574,0.016858919274011314,0.41803869047619047,0.09750798872125929,16.44,6.8125,8,0.97182531580755,0.0,-0.8349320124811512,30,5,0,9,16,9,0,0
abl_no_tension,noise,10,840,0.9678571428571429,0.026647843032880696,0.7265415549597856,0.7265415549597856,0.07692107355896827,0.0,0.7874992146632239,0.8282940456109448,0.11497023809523808,0.05762058147090412,135.0875,7.5775,8,0.0,0.0,0.7042851662104515,63,10,0,48,74,13,0,0
abl_no_tension,conflict,10,1569,0.7648183556405354,0.0448899414923234,0.56657223796034,0.56657223796034,0.06816503792512306,0.0,0.4954661121339982,0.5273233615476209,0.0,0.0,103.99375,7.75625,8,0.0,0.0,0.9270065681525539,101,16,0,96,2450,25,0,0
